<?xml version="1.0" encoding="UTF-8" ?>
<extension version="2.5" type="plugin" group="vmcustom" method="upgrade" >
    <name>Version Compatibility Display for VirtueMart</name>
    <author>Daycounts &amp; Open Tools, Reinhold Kainhofer</author>
    <authorEmail>office@open-tools.net</authorEmail>
    <authorUrl>http://www.open-tools.net/</authorUrl>
    <creationDate>2014-12-16</creationDate>
    <copyright>2010 Daycounts.com, 2014 OpenTools.net</copyright>
    <version>0.3</version>
    <description>Version compatibility custom field</description>
    <files>
        <filename plugin="versioncompat">versioncompat.php</filename>
        <filename>versioncompat.script.php</filename>
        <filename>index.html</filename>
        <folder>versioncompat/</folder>
        <folder>language</folder>
        <folder>elements</folder>
        <folder>fields</folder>
    </files>
    <languages folder="language">
        <language tag="en-GB">en-GB/en-GB.plg_vmcustom_versioncompat.ini</language>
        <language tag="en-GB">en-GB/en-GB.plg_vmcustom_versioncompat.sys.ini</language>
    </languages>
    <scriptfile>versioncompat.script.php</scriptfile>
    <!-- VM 3.x support (fields rather than params): -->
    <vmconfig>
        <fields name="params" addfieldpath="/administrator/components/com_virtuemart/fields">
            <fieldset name="versioncompat" addfieldpath="/plugins/vmcustom/versioncompat/fields">
                <field name="directory" type="compatfolders" scope="com_virtuemart" label="VMCUSTOM_VERSIONCOMPAT_FOLDER">
                    <folder label="VMCUSTOM_VERSIONCOMPAT_FOLDER_PLUGIN">plugins/vmcustom/versioncompat/versioncompat/images/</folder>
                    <folder label="VMCUSTOM_VERSIONCOMPAT_FOLDER_JOOMLA">media/plg_vmcustom_versioncompat/</folder>
                    <folder label="VMCUSTOM_VERSIONCOMPAT_FOLDER_IMAGES">images/versioncompat/</folder>
                </field>
                <field name="textversions" type="text" size="70" label="VMCUSTOM_VERSIONCOMPAT_TEXTVERSIONS" />
            </fieldset>
        </fields>
    </vmconfig>

    <params name="params" addpath="/plugins/vmcustom/versioncompat/elements">
        <param name="directory" type="compatfolders" scope="com_virtuemart" label="VMCUSTOM_VERSIONCOMPAT_FOLDER">
            <folder label="VMCUSTOM_VERSIONCOMPAT_FOLDER_PLUGIN">plugins/vmcustom/versioncompat/versioncompat/images/</folder>
            <folder label="VMCUSTOM_VERSIONCOMPAT_FOLDER_JOOMLA">media/plg_vmcustom_versioncompat/</folder>
            <folder label="VMCUSTOM_VERSIONCOMPAT_FOLDER_IMAGES">images/versioncompat/</folder>
        </param>
        <param name="textversions" type="text" size="70" label="VMCUSTOM_VERSIONCOMPAT_TEXTVERSIONS" />
    </params>
	
	<updateservers>
		<server type="extension" name="VM Version Compatibility Custom Field Updates"><![CDATA[http://open-tools.net/UpdateServer/index.php?package=Joomla&amp;extension=VersionCompat&amp;file=extension.xml]]></server>
	</updateservers>

</extension>